# Name,   Type, SubType, Offset,   Size,     Flags
# dynslot 安全表(safe table):编译进 factory 镜像、嵌入 store、并随发布产物写到 0x8000。
# 槽位空间(pool_0/pool_1)以 data 占位分区声明 —— 不可引导,最坏情况下设备仍可启动
# (carve 损坏永远造不出可引导垃圾);运行时启动器按 carve 物化含 ota_* 的 carved 表,
# bootloader hook(meta_boot_hooks)在 otadata 生效前校验/修复。
# 设计:docs/assets/dynslot-design.md §4.1/§4.2;决策 §9(8 槽 / 128KB 最小 / otadata 不动)。
# cardid@0x356000 与 factory@0x10000/0x170000 不可动(verify_firmware.py 强制保护)。
nvs,      data, nvs,     0x9000,   0x6000,
phy_init, data, phy,     0xf000,   0x1000,
factory,  app,  factory, 0x10000,  0x170000,
# pool_0 = [0x180000, 0x356000) cardid 前的池(1,896,448 B),小槽优先分配段。
pool_0,   data, 0x40,    0x180000, 0x1D6000,
cardid,   data, nvs,     0x356000, 0x4000,
# 原 0x35A000..0x360000 死隙(24KB)成为 store:carve A/B 记录 + 安全表副本 +
# scratch + Wi-Fi 凭据备份(L6 迁移,见 main/meta_carve_store.h)。
store,    data, nvs,     0x35A000, 0x6000,
# pool_1 = [0x360000, 0x7FE000) cardid 后的池(4,841,472 B),大应用优先保连续段。
pool_1,   data, 0x40,    0x360000, 0x49E000,
# otadata 留在 flash 尾部(§9.4 决策:不移动)。
otadata,  data, ota,     0x7FE000, 0x2000,
